periodo,pep,nome_cliente,empresa,receita,custo_rateado,horas_total,margem,margem_pct
2025-10,AFYA - MS Data & AI,AFYA PARTICIPAÇÕES S.A,SGA,27283.09,0.0,0.0,27283.09,1.0
2025-10,AFYA - MS Infra,AFYA PARTICIPAÇÕES S.A,SGA,50668.59,0.0,0.0,50668.59,1.0
2025-10,ARG - MS Infra,GRUPO ARG,SGA,5787.0,0.0,0.0,5787.0,1.0
2025-10,Ab Brasil - MS Infra,AB BRASIL INDUSTRIA E COMERCIO DE ALIMENTOS LTDA,SGA,6960.0,0.0,0.0,6960.0,1.0
2025-10,Aethra - MS Infra,AETHRA SISTEMAS AUTOMOTIVOS SA,SGA,7659.87,0.0,0.0,7659.87,1.0
2025-10,Aguia Branca - MS Digi&Apps,AGUIA BRANCA PARTICIPACOES,SGA,10770.0,0.0,0.0,10770.0,1.0
2025-10,Ambipar - MS Security,AMBIPAR,SGA,20192.0,0.0,0.0,20192.0,1.0
2025-10,Ambipar - SOC,AMBIPAR,SGA,25929.98,0.0,0.0,25929.98,1.0
2025-10,BR02CLP0000200,NEWLUXE GROUP BRASIL COMERCIO E IMPORTAC,FCamara,0.00935,0.0,0.0,0.00935,1.0
2025-10,BR02CLP00003.1.1,COOP - COOPERATIVA DE CONSUMO,FCamara,132954.19326,-84841.41,943.59,48112.78326,0.3618748839753593
2025-10,BR02CLP00004.0.1,TRAVELEX BANCO DE CAMBIO S.A.,FCamara,436774.01124,-257019.83682677944,2144.0,179754.17441322058,0.41154961098280335
2025-10,BR02CLP00005.1.1,BANCO ABC BRASIL S.A.,FCamara,324221.4108,-229763.6074556778,2057.0,94457.80334432222,0.29133733984826093
2025-10,BR02CLP00006.1.1,BANCO C6 S.A.,FCamara,978725.7731999999,-559415.0071377695,5137.05,419310.76606223045,0.4284251805194318
2025-10,BR02CLP00006.1.2,BANCO C6 S.A.,FCamara,32562.615120000002,-1798.3561847526962,22228.0,30764.258935247308,0.9447723661590023
2025-10,BR02CLP00007.1.1,BANCO DIGIO S.A.,FCamara,87605.33796,-40850.87632447883,376.0,46754.46163552118,0.5336942100134234
2025-10,BR02CLP000092,BULLLA INSTITUICAO DE PAGAMENTO S.A.,FCamara,130145.72172,-87826.1940279512,848.0,42319.527692048796,0.32517033316774324
2025-10,BR02CLP000116.1.1,SPAD COMERCIO DE COSMETICOS LTDA,FCamara,19351.626,0.0,0.0,19351.626,1.0
2025-10,BR02CLP000117.1.1,FUTEBOLCARD SISTEMAS LTDA,FCamara,20559.0,-21817.76,0.0,-1258.7599999999984,-0.06122671336154475
2025-10,BR02CLP000120.1.1,TRES CORACOES ALIMENTOS S.A.,FCamara,85814.0136,-50455.76,872.0,35358.253600000004,0.4120335609148108
2025-10,BR02CLP000122.1.1,TRANSUNION BRASIL SISTEMAS EM INFOR,FCamara,215867.631,-20323.89701553676,0.0,195543.73398446324,0.905850187351448
2025-10,BR02CLP000130.1.1,COBASI COMERCIO DE PROD BASICOS E I,FCamara,75529.20564,-53140.3752886056,1008.0,22388.830351394397,0.2964261329333689
2025-10,BR02CLP00015.0.1,BANCO OURINVEST S/A,FCamara,502888.01724,-355740.6360909256,3968.0,147147.3811490744,0.2926046676488004
2025-10,BR02CLP00018.1.1,TOO SEGUROS S.A.,FCamara,7469.86968,-4987.045708700414,168.0,2482.8239712995855,0.3323784855239383
2025-10,BR02CLP00019.1.1,VR BENEFICIOS E SERVICOS DE PROCESS,FCamara,110561.4426,-73150.24,864.0,37411.20259999999,0.33837476899926044
2025-10,BR02CLP000190,MM SP DISTRIBUIDORA E COMERCIO ATACADIST,FCamara,3646.77411,0.0,0.0,3646.77411,1.0
2025-10,BR02CLP00021.1.1,UNIMED DO ESTADO DE SAO PAULO - FED,FCamara,341954.109,-247738.17157933657,2664.0,94215.93742066342,0.2755221678610197
2025-10,BR02CLP00021.1.2,UNIMED DO ESTADO DE SAO PAULO - FED,FCamara,9605.09938,0.0,1.0,9605.09938,1.0
2025-10,BR02CLP000210.1.1,TFSPORTS EVENTOS ESPORTIVOS LTDA,FCamara,112140.0,-29426.3,0.0,82713.7,0.737593187087569
2025-10,BR02CLP000211.1.1,ODONTOPREV S.A.,FCamara,101425.9575,-31907.147376012064,0.0,69518.81012398793,0.6854143834332344
2025-10,BR02CLP00022.1.1,DR. CONSULTA CENTRO MEDICO LTDA,FCamara,430744.01916,-293044.3066691845,4024.0,137699.71249081555,0.319678756676287
2025-10,BR02CLP00025,C&A MODAS S.A.,FCamara,76481.98727000001,-51080.83,411.58000000000004,25401.15727000001,0.33211947252792673
2025-10,BR02CLP000250,STRADA PAY INSTITUICAO DE PAGAMENTO,FCamara,37572.27337,0.0,0.0,37572.27337,1.0
2025-10,BR02CLP00026.1.1,ELFA MEDICAMENTOS S.A,FCamara,322538.33892,-206666.42232163978,2944.0,115871.91659836023,0.3592500568656436
2025-10,BR02CLP00029,DIRECIONAL ENGENHARIA S/A,FCamara,15138.9,-10200.0,120.0,4938.9,0.3262390266135584
2025-10,BR02CLP00030,MRV ENGENHARIA E PARTICIPACOES SA,FCamara,1245883.58715,-836084.8041027674,8402.1,409798.78304723266,0.32892221012772227
2025-10,BR02CLP00032,RUMO S.A.,FCamara,229475.07418,-169129.73,1937.16,60345.344179999985,0.2629712372711346
2025-10,BR02CLP00033,UNIMED CURITIBA - SOCIEDADE COOPERA,FCamara,45156.98376,-29801.095321904057,368.0,15355.888438095946,0.34005567155922783
2025-10,BR02CLP00036,COMPANHIA BRASILEIRA DE METALURGIA,FCamara,39272.9232,-23000.0,184.0,16272.923199999997,0.4143547735708148
2025-10,BR02CLP00037,SADA TRANSPORTES,FCamara,40971.59002,-24979.61618441018,282.88,15991.973835589823,0.390318604373993
2025-10,BR02CLP00039,RAIA DROGASIL S/A,FCamara,1296457.31479,-1097390.5197045726,6830.45,199066.79508542735,0.1535467406558404
2025-10,BR02CLP00041.0.1,DIAGNOSTICOS DA AMERICA S.A .,FCamara,1529005.94868,-1053484.0362134818,10464.7,475521.9124665181,0.31100069484820453
2025-10,BR02CLP00042.0.1,GRUPO CASAS BAHIA S.A,FCamara,2285933.79126,-1579782.1230384496,17466.0,706151.6682215503,0.30891168892180454
2025-10,BR02CLP000432.1.1,ODONTOPREV S.A.,FCamara,105131.25,0.0,0.0,105131.25,1.0
2025-10,BR02CLP00045,BANCO INTER S.A,FCamara,644885.5459799999,-387556.28481702803,5093.675,257329.2611629719,0.39903090209894787
2025-10,BR02CLP00046,ANGLO AMERICAN INVESTIMENTOS - MINE,FCamara,428865.65267,-286421.2909155495,2131.57,142444.36175445048,0.33214215423322185
2025-10,BR02CLP000473,Fed. Int. C. T. M. E. M. Gerais,FCamara,14746.75576,0.0,0.0,14746.75576,1.0
2025-10,BR02CLP00049.1.1,IPSOS BRASIL PESQUISAS DE MERCADO L,FCamara,276043.22592,-178249.50605630563,2520.0,97793.71986369436,0.3542695878073673
2025-10,BR02CLP00049.1.2,IPSOS BRASIL PESQUISAS DE MERCADO L,FCamara,29044.26,-18467.300121572494,168.0,10576.959878427504,0.3641669603022251
2025-10,BR02CLP00051,UNIMED BELO HORIZONTE,FCamara,110202.90167,-74294.95,760.41,35907.95167000001,0.32583490203847376
2025-10,BR02CLP000512,BUNZL EQUIPAMENTOS PARA PROTECAO IN,FCamara,16117.68595,0.0,0.0,16117.68595,1.0
2025-10,BR02CLP000545,EISA - EMPRESA INTERAGRICOLA S/A,FCamara,1942.22742,0.0,0.0,1942.22742,1.0
2025-10,BR02CLP00055.1.1,INTELIPOST CONSULTORIA E TECNOLOGIA,FCamara,70946.57417,-34304.0,443.35,36642.57417000001,0.5164812339239693
2025-10,BR02CLP00056,POLIEDRO SISTEMA DE ENSINO LTDA,FCamara,195377.24199,-124296.7,1326.0,71080.54199000001,0.36381177902817424
2025-10,BR02CLP00061.1.1,SADA TRANSPORTES E ARMAZENAGENS LTD,FCamara,205636.725,-98728.31365026665,0.0,106908.41134973336,0.5198896809396928
2025-10,BR02CLP00068.1.1,SADA TRANSPORTES E ARMAZENAGENS LTD,FCamara,53426.2995,-31000.0,0.0,22426.2995,0.41976142292991864
2025-10,BR02CLP00075,AGIS EQUIPAMENTOS E SERVICOS DE INF,FCamara,16312.86563,0.0,0.0,16312.86563,1.0
2025-10,BR02CLP00076,UNIPRO EDITORA LTDA,FCamara,62488.87117,0.0,0.0,62488.87117,1.0
2025-10,BR02CLP00078,REAL MOTO PECAS LTDA,FCamara,113038.2414,0.0,0.0,113038.2414,1.0
2025-10,BR02CLP00080,SUPRICORP SUPRIMENTOS LTDA - 0001-8,FCamara,139726.44,0.0,0.0,139726.44,1.0
2025-10,BR02CLP000808,FABI LOGON COMERCIAL LTDA,FCamara,9345.0,0.0,0.0,9345.0,1.0
2025-10,BR02CLP00081,BUNZL EQUIPAMENTOS PARA PROTECAO IN,FCamara,17050.887,0.0,0.0,17050.887,1.0
2025-10,BR02CLP00083,JOHNSON & JOHNSON DO BRASIL INDUSTR,FCamara,70652.00809,0.0,0.0,70652.00809,1.0
2025-10,BR02CLP00084,DISTRIBUIDORA DE MOVEIS IPANEMA LTD,FCamara,24330.17475,0.0,0.0,24330.17475,1.0
2025-10,BR02CLP00085,PACAEMBU AUTOPECAS LTDA,FCamara,21649.32787,0.0,0.0,21649.32787,1.0
2025-10,BR02CLP00089,ODONTOPREV S.A.,FCamara,17050.887,0.0,0.0,17050.887,1.0
2025-10,BR02CLP000914.1.1,ODONTOPREV S.A.,FCamara,64013.25,0.0,0.0,64013.25,1.0
2025-10,BR02CLP00096.1.1,INTELIPOST CONSULTORIA E TECNOLOGIA,FCamara,81675.59904,-49356.42691771694,504.0,32319.17212228306,0.3957016844952064
2025-10,BR02CLP00099,MM SP DISTRIBUIDORA E COMERCIO ATAC,FCamara,27631.296,0.0,0.0,27631.296,1.0
2025-10,BR02CLP00100,BANCO BS2 S.A.,FCamara,335964.00137,-192572.19,2437.25,143391.81137,0.4268070709518708
2025-10,BR02CLP00106,COOPERATIVA CENTRAL DOS PRODUTORES,FCamara,272107.71,-180415.64997202228,2208.0,91692.06002797774,0.33696972433444733
2025-10,BR02CLP001150.1.1,KLABIN S.A.,FCamara,38671.1052,-21160.0,184.0,17511.105199999998,0.4528214311288936
2025-10,BR02CLP00121.1.1,ODONTOPREV S.A.,FCamara,21960.75,0.0,0.0,21960.75,1.0
2025-10,BR02CLP00126.1.1,ODONTOPREV S.A.,FCamara,210262.5,-17496.46840148699,0.0,192766.03159851301,0.9167874994281577
2025-10,BR02CLP00129.1.1,BANCO TRIANGULO S/A,FCamara,95149.14528,-57317.27267514513,552.0,37831.87260485487,0.3976060162550613
2025-10,BR02CLP00141.1.1,INTELIPOST CONSULTORIA E TECNOLOGIA,FCamara,57719.5794,-41920.0,336.0,15799.579400000002,0.27372998147661487
2025-10,BR02CLP00145.1.1,MOINHO PAULISTA SA,FCamara,41118.0,0.0,0.0,41118.0,1.0
2025-10,BR02CLP00149.1.1,EDITORA E DISTRIBUIDORA EDUCACIONAL,FCamara,67168.74811,0.0,0.0,67168.74811,1.0
2025-10,BR02CLP00162.1.1,MOINHO PAULISTA SA,FCamara,41118.0,-6349.3842225009475,0.0,34768.61577749905,0.8455813944622562
2025-10,BR04CLP00001.1.1,A. ANGELONI & CIA. LTDA,Nação Digital,48377.196,0.0,0.0,48377.196,1.0
2025-10,BR04CLP00001.1.2,A. ANGELONI & CIA. LTDA,Nação Digital,2245.6035,0.0,0.0,2245.6035,1.0
2025-10,BR04CLP00002.1.1,FALAI SOLUCOES DIGITAIS LTDA,Nação Digital,4760.343,0.0,0.0,4760.343,1.0
2025-10,BR04CLP00002.1.3,FALAI SOLUCOES DIGITAIS LTDA,Nação Digital,9257.157,0.0,0.0,9257.157,1.0
2025-10,BR04CLP00004.1.3,Aço Cearense,Nação Digital,11440.13965,0.0,0.0,11440.13965,1.0
2025-10,BR04CLP00004.1.4,Aço Cearense,Nação Digital,14095.44665,0.0,0.0,14095.44665,1.0
2025-10,BR04CLP00007.1.1,ATELIER SUNTIME SWIM LTDA,Nação Digital,1869.0,0.0,0.0,1869.0,1.0
2025-10,BR04CLP00008.1.1,ATELIER SUNTIME SWIM LTDA,Nação Digital,2149.35,0.0,0.0,2149.35,1.0
2025-10,BR04CLP00011.1.1,"BELLIZ INDUSTRIA, COMERCIO, IMPORTA",Nação Digital,14017.5,0.0,0.0,14017.5,1.0
2025-10,BR04CLP00012.1.1,CLUB ATHLETICO PARANAENSE,Nação Digital,3270.75,0.0,0.0,3270.75,1.0
2025-10,BR04CLP00013.1.1,CLUB ATHLETICO PARANAENSE,Nação Digital,1869.0,0.0,0.0,1869.0,1.0
2025-10,BR04CLP00014.1.1,CONDOR S.A,Nação Digital,9345.0,0.0,0.0,9345.0,1.0
2025-10,BR04CLP00015.1.,AMO MUITO DE CHELLES COMERCIO DE AR,Nação Digital,4672.5,0.0,0.0,4672.5,1.0
2025-10,BR04CLP00016.1.1,DENTAL ADELAR LTDA,Nação Digital,6541.5,0.0,0.0,6541.5,1.0
2025-10,BR04CLP00017.0.1,DENTAL SORRIA LTDA,Nação Digital,2431.57835,0.0,0.0,2431.57835,1.0
2025-10,BR04CLP00017.1.4,DENTAL SORRIA LTDA,Nação Digital,4109.931,0.0,0.0,4109.931,1.0
2025-10,BR04CLP00019.1.1,A. ANGELONI & CIA. LTDA,Nação Digital,8007.7305,0.0,0.0,8007.7305,1.0
2025-10,BR04CLP00022.1.1,DROPS CONFECCOES LTDA,Nação Digital,1401.75,0.0,0.0,1401.75,1.0
2025-10,BR04CLP00024.1.1,ELFA MEDICAMENTOS S.A,Nação Digital,4205.25,0.0,0.0,4205.25,1.0
2025-10,BR04CLP00025.1.1,DISTRIBUIDORA DE MOVEIS IPANEMA LTD,Nação Digital,3738.0,0.0,0.0,3738.0,1.0
2025-10,BR04CLP00027.1.1,EMPREENDIMENTOS PAGUE MENOS S/A,Nação Digital,9345.0,0.0,0.0,9345.0,1.0
2025-10,BR04CLP00030.0.1,DESCARPACK DESCARTAVEIS DO BRASIL,Nação Digital,18690.0,0.0,0.0,18690.0,1.0
2025-10,BR04CLP00031.1.1,SURYA DENTAL COMERCIO DE PRODUTOS,Nação Digital,3270.75,0.0,0.0,3270.75,1.0
2025-10,BR04CLP00032.1.1,"RIO GEMAS FRANQUEADORA, MARKETING E",Nação Digital,7849.8,0.0,0.0,7849.8,1.0
2025-10,BR04CLP00033.0.1,HYDRONORTH S/A,Nação Digital,8301.15416,0.0,0.0,8301.15416,1.0
2025-10,BR04CLP00033.0.4,HYDRONORTH S/A,Nação Digital,5716.32715,0.0,0.0,5716.32715,1.0
2025-10,BR04CLP00034.0.1,Jadlog Entregas,Nação Digital,12083.30928,0.0,0.0,12083.30928,1.0
2025-10,BR04CLP00034.0.4,Jadlog Entregas,Nação Digital,7090.986,0.0,0.0,7090.986,1.0
2025-10,BR04CLP00035.1.1,"JCA HOLDING TRANSPORTES, LOGISTICA",Nação Digital,31978.59,0.0,0.0,31978.59,1.0
2025-10,BR04CLP00036.1.1,SPAD COMERCIO DE COSMETICOS LTDA,Nação Digital,34031.70519,0.0,0.0,34031.70519,1.0
2025-10,BR04CLP00038.1.1,MARCAS COM SAL ESTRATEGIA CRIATIVA,Nação Digital,7528.64973,0.0,0.0,7528.64973,1.0
2025-10,BR04CLP00039.1.1,COMPANHIA MELHORAMENTOS DE SAO PAUL,Nação Digital,17254.7949,0.0,0.0,17254.7949,1.0
2025-10,BR04CLP00040.1.1,MISCI BRASIL COMERCIO DE MODA LTDA,Nação Digital,5607.0,0.0,0.0,5607.0,1.0
2025-10,BR04CLP00041.1.1,MIT EMPREENDIMENTOS E PARTICIPACOES,Nação Digital,9568.12122,0.0,0.0,9568.12122,1.0
2025-10,BR04CLP00041.1.4,MIT EMPREENDIMENTOS E PARTICIPACOES,Nação Digital,9158.04393,0.0,0.0,9158.04393,1.0
2025-10,BR04CLP00044.1.1,NEWLUXE GROUP BRASIL COMERCIO E IMP,Nação Digital,38398.605,0.0,0.0,38398.605,1.0
2025-10,BR04CLP00046.1.1,GOUVEA EXPERIENCE LTDA,Nação Digital,8410.5,0.0,0.0,8410.5,1.0
2025-10,BR04CLP00047.1.1,SUPERMERCADOS FEIRA NOVA LTDA,Nação Digital,15325.8,0.0,0.0,15325.8,1.0
2025-10,BR04CLP00048.1.1,TECNOSPEED S/A,Nação Digital,8410.5,0.0,0.0,8410.5,1.0
2025-10,BR04CLP00049.1.1,ACCO BRANDS BRASIL LTDA.,Nação Digital,6731.17547,0.0,0.0,6731.17547,1.0
2025-10,BR04CLP00049.1.6,ACCO BRANDS BRASIL LTDA.,Nação Digital,10930.87454,0.0,0.0,10930.87454,1.0
2025-10,BR04CLP00051.1.1,TRES CORACOES ALIMENTOS S.A.,Nação Digital,13929.657,0.0,0.0,13929.657,1.0
2025-10,BR04CLP00053.1.1,BANCO OURINVEST S/A,Nação Digital,57694.161,0.0,0.0,57694.161,1.0
2025-10,BR04CLP00054.1.1,BCMED PRODUTOS E EQUIPAMENTOS PARA,Nação Digital,16920.057,0.0,0.0,16920.057,1.0
2025-10,BR04CLP00057.1.1,FABI LOGON COMERCIAL LTDA,Nação Digital,14017.5,0.0,0.0,14017.5,1.0
2025-10,BR04CLP00060.1.1,L. R. NORDESTE S/A,Nação Digital,4672.5,0.0,0.0,4672.5,1.0
2025-10,BR04CLP00061.1.5,Jadlog Entregas,Nação Digital,23449.50195,0.0,0.0,23449.50195,1.0
2025-10,BR04CLP00061.1.6,Jadlog Entregas,Nação Digital,16664.275,0.0,0.0,16664.275,1.0
2025-10,BR04CLP00061.1.7,Jadlog Entregas,Nação Digital,1604.55519,0.0,0.0,1604.55519,1.0
2025-10,BR04CLP00063.1.1,INNOVAZIONE INDUSTRIA DE CONFECCAO,Nação Digital,3083.85,0.0,0.0,3083.85,1.0
2025-10,BR04CLP00064.1.1,BBS COMERCIO ATACADISTA DE ARTIGOS,Nação Digital,4672.5,0.0,0.0,4672.5,1.0
2025-10,BR04CLP00066.1.1,HSP MODAS E SERVICOS LTDA,Nação Digital,2803.5,0.0,0.0,2803.5,1.0
2025-10,BR04CLP00067.1.1,I DON FRANCESCO LATICINIOS LTDA.,Nação Digital,11587.8,0.0,0.0,11587.8,1.0
2025-10,BR04CLP00069.1.1,MILBRASIL COMERCIO DE ALIMENTOS LTD,Nação Digital,11214.0,0.0,0.0,11214.0,1.0
2025-10,BR04CLP00070.1.1,BUNZL EQUIPAMENTOS PARA PROTECAO IN,Nação Digital,23549.4,0.0,0.0,23549.4,1.0
2025-10,BR04CLP00072.1.1,IB COMERCIO E INDUSTRIA LTDA,Nação Digital,9345.0,0.0,0.0,9345.0,1.0
2025-10,BR04CLP00073.1.1,KARIDEI CONFECCAO LTDA,Nação Digital,2102.625,0.0,0.0,2102.625,1.0
2025-10,BR04CLP00076.1.1,FC NEXTGEN CONSULTING LTDA,Nação Digital,24207.97953,0.0,0.0,24207.97953,1.0
2025-10,BR04CLP00079.1.2,GEISTLICH PHARMA DO BRASIL COMERCIO,Nação Digital,55.1355,0.0,0.0,55.1355,1.0
2025-10,BR04CLP00085.1.1,"BELLIZ INDUSTRIA, COMERCIO, IMPORTA",Nação Digital,15419.25,0.0,0.0,15419.25,1.0
2025-10,BR04CLP00090.1.5,FCAMARA CONSULTORIA E FORMACAO EM,Nação Digital,5607.0,0.0,0.0,5607.0,1.0
2025-10,BR04CLP00091.1.1,EMPREENDIMENTOS PAGUE MENOS S/A,Nação Digital,27773.34,0.0,0.0,27773.34,1.0
2025-10,BR04CLP00092.1.2,FCAMARA CONSULTORIA E FORMACAO EM,Nação Digital,6324.52779,0.0,0.0,6324.52779,1.0
2025-10,BR04CLP00093.1.1,EUROFARMA LABORATORIOS S.A.,Nação Digital,13041.882,0.0,0.0,13041.882,1.0
2025-10,BR04CLP00094.1.1,V & P PHARMA LTDA,Nação Digital,32707.5,0.0,0.0,32707.5,1.0
2025-10,BR04CLP00095.1.2,RD GESTAO E SISTEMAS S.A.,Nação Digital,2917.30341,0.0,0.0,2917.30341,1.0
2025-10,BR04CLP00096.1.1,TECNOSPEED S/A,Nação Digital,6665.7885,0.0,0.0,6665.7885,1.0
2025-10,BR04CLP00100.1.1,FCAMARA CONSULTORIA E FORMACAO EM,Nação Digital,16989.21,0.0,0.0,16989.21,1.0
2025-10,BR04CLP00102.1.1,ELFA MEDICAMENTOS S.A,Nação Digital,1794.24,0.0,0.0,1794.24,1.0
2025-10,BR04CLP00105.1.1, DON FRANCESCO LATICINIOS LTDA.,Nação Digital,7592.8125,0.0,0.0,7592.8125,1.0
2025-10,BR04CLP00106.1.1,MELHORAMENTOS FLORESTAL LTDA.,Nação Digital,3738.0,0.0,0.0,3738.0,1.0
2025-10,BR04CLP00107.1.1,FCAMARA CONSULTORIA E FORMACAO EM,Nação Digital,28423.48099,0.0,0.0,28423.48099,1.0
2025-10,BR04CLP00108.1.1,IMPULSO SOLUCOES DE MIDIA LTDA,Nação Digital,18690.0,0.0,0.0,18690.0,1.0
2025-10,BR04CLP00109.1.1,EDITORA MELHORAMENTOS LTDA.,Nação Digital,4888.3695,0.0,0.0,4888.3695,1.0
2025-10,BR04CLP00111.1.1,CDF ASSISTENCIA E SUPORTE DIGITAL S,Nação Digital,71676.15,0.0,0.0,71676.15,1.0
2025-10,BR04CLP00112.1.1,CLUB ATHLETICO PARANAENSE,Nação Digital,1826.9475,0.0,0.0,1826.9475,1.0
2025-10,BR04CLP00113.1.1,EDITORA MELHORAMENTOS LTDA,Nação Digital,3653.895,0.0,0.0,3653.895,1.0
2025-10,BR04CLP00114.1.1,A. ANGELONI & CIA. LTDA,Nação Digital,11001.8685,0.0,0.0,11001.8685,1.0
2025-10,BR04CLP00115.1.1,EUROFARMA LABORATORIOS S.A.,Nação Digital,11956.9275,0.0,0.0,11956.9275,1.0
2025-10,BR05CLP00001,ARCELORMITTAL SISTEMAS S.A,SGA,84030.53904,-55869.21454545456,504.0,28161.324494545443,0.3351320224322274
2025-10,BR07CLP00001.0.1,BANCO VOTORANTIM S.A.,Hyper,724607.62737,-9069.846024727274,168.0,715537.7813452727,0.9874830933568188
2025-10,BR07CLP00004.0.1,TLS LOGISTICA DISTRIBUICAO E TRANSP,Hyper,17538.26612,-33798.17221963636,178.5,-16259.906099636362,-0.9271102393123205
2025-10,BR07CLP00009.0.2,DURATEX S.A.,Hyper,34764.1476,-24976.35396072728,168.0,9787.793639272717,0.2815485008259693
2025-10,BR07CLP00010.0.1,DURATEX S.A.,Hyper,42154.883350000004,-21690.501282732017,202.45,20464.382067267987,0.4854569729764887
2025-10,BR07CLP00011.0.2,DURATEX S.A.,Hyper,34764.1476,-24976.35396072728,168.0,9787.793639272717,0.2815485008259693
2025-10,BR07CLP00012.0.1,MULTIPLAN EMPREENDIMENTOS IMOBILIAR,Hyper,92218.56731,-66532.29777750064,504.0,25686.269532499355,0.27853685306292963
2025-10,BR07CLP00018.0.1,TOKIO MARINE SEGURADORA S.A.,Hyper,19715.62103,-15357.373868363637,168.0,4358.247161636362,0.22105553535466604
2025-10,BR07CLP00019.0.1,LINKCALL SERVICOS DE CALL CENTER S.,Hyper,33104.24197,-22884.99257246465,181.0,10219.249397535354,0.30869909079314745
2025-10,BR07CLP00020.0.1,LINKCALL SERVICOS DE CALL CENTER S.,Hyper,25903.69893,-12221.239741532718,180.13,13682.459188467281,0.5282048415340844
2025-10,BR07CLP00021.0.1,IRANI PAPEL E EMBALAGEM S.A.,Hyper,37005.40569,-32666.739240243747,396.0,4338.666449756252,0.11724412606368734
2025-10,BR07CLP00022.0.1,ODONTOPREV S.A.,Hyper,26915.42227,-23869.952755265,582.15,3045.4695147349994,0.11314960932749281
2025-10,BR07CLP00024.0.1,BANCO OURINVEST S/A,Hyper,27769.003920000003,-26508.71407970974,175.67000000000002,1260.289840290261,0.04538476943289153
2025-10,BR07CLP00058.0.2,GRUPO CASAS BAHIA S.A.,Hyper,57812.98267,-35078.55556945454,370.6800102758373,22734.427100545458,0.3932408613185544
2025-10,BR07CLP00087.0.1,ODONTOPREV S.A.,Hyper,73226.99015,-59759.165949730115,628.9,13467.824200269883,0.18391885522922702
2025-10,BR07CLP00090.0.1,FCAMARA CONSULTORIA E FORMACAO EM I,Hyper,12199.27138,-52244.880923757584,71.0,-40045.609543757586,-3.2826230597189636
2025-10,BR07CLP00111.0.1,BANCO VOTORANTIM S.A.,Hyper,330740.17441,-12610.143636363637,168.0,318130.03077363636,0.961872960674165
2025-10,BR07CLP00127.0.1,ULTRAPAR PARTICIPACOES S/A,Hyper,19950.01439,-10699.470190102764,144.0,9250.544199897236,0.4636860916017232
2025-10,BR07CLP00132.0.1,RED HAT BRASIL LTDA,Hyper,32444.00838,-18595.202044363632,184.0,13848.806335636367,0.4268525076628145
2025-10,BR07CLP00139.0.1,FCAMARA CONSULTORIA E FORMACAO EM I,Hyper,1419.6924,-8012.266363636363,24.0,-6592.573963636363,-4.64366362997813
2025-10,BR07CLP133,BANCO BS2 S.A.,FCamara,22575.18375,-4333.315245102634,161.05,18241.868504897364,0.8080496135451107
2025-10,BR07CLP133.0.1,FCAMARA CONSULTORIA E FORMACAO EM I,Hyper,33465.44492,-7149.364754897365,265.71,26316.080165102638,0.7863657640892537
2025-10,BR08CLP000015.1.1,DR. CONSULTA CENTRO MEDICO LTDA,Omnik,14952.0,0.0,0.0,14952.0,1.0
2025-10,BR08CLP00002.1.1,AMBIPAR PARTICIPACOES E EMPREENDIME,Omnik,25642.68,0.0,0.0,25642.68,1.0
2025-10,BR08CLP00003.1.1,ALLOS S.A.,Omnik,42650.58,0.0,0.0,42650.58,1.0
2025-10,BR08CLP00014.1.1,ELECTROLUX DO BRASIL S/A,Omnik,34688.64,0.0,0.0,34688.64,1.0
2025-10,BR08CLP00015.1.1,NIDEC GLOBAL APPLIANCE BRASIL LTDA.,Omnik,60314.72328,0.0,0.0,60314.72328,1.0
2025-10,BR08CLP00017.1.1,PANDURATA ALIMENTOS LTDA,Omnik,207459.0,0.0,0.0,207459.0,1.0
2025-10,BR09CLP00001.1.1,WayCarbon,NextGen,118682.93688,-19108.294443501472,624.0,99574.64243649851,0.8389971216938975
2025-10,BR09CLP00002.1.1,BANCO BTG PACTUAL S.A.,NextGen,2137479.67452,-548619.7427507744,14896.0,1588859.9317692255,0.7433333522228817
2025-10,BR09CLP00002.1.2,BANCO BTG PACTUAL S.A.,NextGen,17583.645,-5464.787416018901,424.0,12118.857583981098,0.689211911636131
2025-10,BR09CLP00002.1.3,BANCO BTG PACTUAL S.A.,NextGen,33395.448,-17500.0,184.0,15895.447999999997,0.475976486376227
2025-10,BR09CLP00010.1.2,SOCIEDADE REGIONAL DE ENSINO E SAUD,NextGen,120154.60800000001,-40745.48904913502,840.0,79409.11895086498,0.6608911657459278
2025-10,BR09CLP00156.0.1,TFSPORTS EVENTOS ESPORTIVOS LTDA,NextGen,45834.857039999995,-10866.866314572073,192.0,34967.990725427924,0.762912616808457
2025-10,BRO2CLP000715.1.1,ODONTOPREV S.A.,FCamara,105131.25,0.0,0.0,105131.25,1.0
2025-10,CEMIG - MS Security,CEMIG SAUDE,SGA,14732.0,0.0,0.0,14732.0,1.0
2025-10,Cemig Saude - MS Data & AI,CEMIG SAUDE,SGA,14571.23,0.0,0.0,14571.23,1.0
2025-10,Cemig Saude - MS Infra,CEMIG SAUDE,SGA,29578.93,0.0,0.0,29578.93,1.0
2025-10,Ceva - MS Digi&Apps,CEVA VETERINARIA,SGA,2125.03,0.0,0.0,2125.03,1.0
2025-10,Cirion - MS Exchange,HYPER,SGA,3110.0,0.0,0.0,3110.0,1.0
2025-10,Coopercarga - MS Infra,COOPERCARGA,SGA,16332.74,0.0,0.0,16332.74,1.0
2025-10,Coopercarga - MS Infra,Posto Mar das Pedras -  Grupo Coopercarga,SGA,5467.99,0.0,0.0,5467.99,1.0
2025-10,ERO Caraiba - MS Digi&Apps,ERO BRASIL CARAIBA,SGA,3631.844243,0.0,0.0,3631.844243,1.0
2025-10,ERO Caraiba - MS Infra,ERO BRASIL CARAIBA,SGA,20218.614951,0.0,0.0,20218.614951,1.0
2025-10,ESTAPAR - MS Infra,ESTAPAR ESTACIONAMENTOS SC LTDA,SGA,24652.5,0.0,0.0,24652.5,1.0
2025-10,FCamara - Managed Services,FCAMARA,SGA,4795.96,0.0,0.0,4795.96,1.0
2025-10,FCamara - Monitoramento 24x7,FCAMARA,SGA,7721.14,0.0,0.0,7721.14,1.0
2025-10,Frigelar - FinOps ,FRIGELAR COMERCIO E INDUSTRIA LTDA,SGA,1600.0,0.0,0.0,1600.0,1.0
2025-10,GCOM - MS Digi&Apps,GCOM,SGA,2770.04,0.0,0.0,2770.04,1.0
2025-10,GVC - MS INFRA,GVC,SGA,44432.45,0.0,0.0,44432.45,1.0
2025-10,Gaustec - MS Infra,GAUSTEC MAGNETISMO,SGA,3476.65,0.0,0.0,3476.65,1.0
2025-10,Grupo BMG  - MS Infra,GRUPO BMG,SGA,19680.76,0.0,0.0,19680.76,1.0
2025-10,Grupo BMG - MS Intune,Grupo BMG,SGA,4000.0,0.0,0.0,4000.0,1.0
2025-10,Grupo Lagoa - MS Infra,GRUPO LAGOA,SGA,3695.55,0.0,0.0,3695.55,1.0
2025-10,Grupo Trigo - Bodyshop,Grupo Trigo S/A,SGA,28801.0,0.0,0.0,28801.0,1.0
2025-10,Grupo Trigo - MS Digi&Apps,Grupo Trigo S/A,SGA,3500.0,0.0,0.0,3500.0,1.0
2025-10,Grupo Trigo - MS Infra,Grupo Trigo S/A,SGA,15038.06,0.0,0.0,15038.06,1.0
2025-10,JBL - MS Infra,JOAO BOSCO LEOPOLDINO,SGA,3066.695553,0.0,0.0,3066.695553,1.0
2025-10,Jaguar Mining - MS Infra,JAGUAR MINING,SGA,15622.93,0.0,0.0,15622.93,1.0
2025-10,MIP - MS Data & AI,MIP ENGENHARIA,SGA,6640.77,0.0,0.0,6640.77,1.0
2025-10,MIP - MS Infra,MIP ENGENHARIA,SGA,17836.18,0.0,0.0,17836.18,1.0
2025-10,MIP - MS Security,MIP ENGENHARIA,SGA,10603.49,0.0,0.0,10603.49,1.0
2025-10,Managed Security  Serv - RNI,RNI NEGOCIOS IMOBILIARIOS S.A,SGA,3288.6,0.0,0.0,3288.6,1.0
2025-10,Managed Services - Benner,BENNER TECNOLOGIA,SGA,3100.0,0.0,0.0,3100.0,1.0
2025-10,Managed Services - CTC,CTC - CENTRO DE TECNOLOGIA CANAVIEIRA S.A.,SGA,10079.0,0.0,0.0,10079.0,1.0
2025-10,Managed Services - Euvou,Tech House (EUVOU),SGA,5939.7,0.0,0.0,5939.7,1.0
2025-10,Managed Services - Frigelar,FRIGELAR COMERCIO E INDUSTRIA LTDA,SGA,27184.0,0.0,0.0,27184.0,1.0
2025-10,Managed Services - PoloFilms,POLO FILMS INDUSTRIA E COMERCIO S/A,SGA,13720.13,0.0,0.0,13720.13,1.0
2025-10,Managed Services - RNI,RNI NEGOCIOS IMOBILIARIOS S.A,SGA,11729.0,0.0,0.0,11729.0,1.0
2025-10,Managed Services - SIC,SOCIEDADE INTELIGENCIA E CORACAO,SGA,10000.0,0.0,0.0,10000.0,1.0
2025-10,Managed Services - Sysplay,SYSPLAY,SGA,3380.0,0.0,0.0,3380.0,1.0
2025-10,OAB SP - Dba as a Service,SEDE ADMINISTRATIVA - OAB-SP,SGA,11250.0,0.0,0.0,11250.0,1.0
2025-10,PECEGE - Managed Services,PECEGE,SGA,1250.0,0.0,0.0,1250.0,1.0
2025-10,PoloFilms - FinOps,POLO FILMS INDUSTRIA E COMERCIO S/A,SGA,5327.0,0.0,0.0,5327.0,1.0
2025-10,SADA - MS DevSecOps,FCAMARA,SGA,33566.0,0.0,0.0,33566.0,1.0
2025-10,Sicoob - MS Infra,SICOOB CREDICOM,SGA,1046.55,0.0,0.0,1046.55,1.0
2025-10,Tecnol - MS Infra,Tecnol,SGA,4200.0,0.0,0.0,4200.0,1.0
2025-10,Unimed Itajuba - MS Infra,UNIMED ITAJUBA,SGA,11740.89,0.0,0.0,11740.89,1.0
2025-10,Usebens - Managed Services,USEBENS SEGUROS S/A,SGA,4000.0,0.0,0.0,4000.0,1.0
2025-10,Veloce  Log - MS Infra,Veloce Logistica S.A,SGA,5787.0,0.0,0.0,5787.0,1.0
2025-10,Xingu Agri - MS Infra,XINGU AGRI,SGA,5822.0,0.0,0.0,5822.0,1.0
2025-10,Yamaha - MS DevOps,YAMAHA ADMINISTRADORA DE CONSORCIO LTDA,SGA,25000.0,0.0,0.0,25000.0,1.0
2025-10,Zenite - MS Infra,ZENITE SISTEMAS LTDA,SGA,13182.48,0.0,0.0,13182.48,1.0
2025-11,AFYA - MS Data & AI,AFYA PARTICIPAÇÕES S.A,SGA,27283.09,0.0,0.0,27283.09,1.0
2025-11,AFYA - MS Infra,AFYA PARTICIPAÇÕES S.A,SGA,50668.59,0.0,0.0,50668.59,1.0
2025-11,ARG - MS Infra,GRUPO ARG,SGA,5787.0,0.0,0.0,5787.0,1.0
2025-11,Ab Brasil - MS Infra,AB BRASIL INDUSTRIA E COMERCIO DE ALIMENTOS LTDA,SGA,6960.0,0.0,0.0,6960.0,1.0
2025-11,Aethra - MS Infra,AETHRA SISTEMAS AUTOMOTIVOS SA,SGA,7659.87,0.0,0.0,7659.87,1.0
2025-11,Aguia Branca - MS Digi&Apps,AGUIA BRANCA PARTICIPACOES,SGA,10770.0,0.0,0.0,10770.0,1.0
2025-11,Ambipar - MS Security,AMBIPAR,SGA,20192.0,0.0,0.0,20192.0,1.0
2025-11,Ambipar - SOC,AMBIPAR,SGA,25929.98,0.0,0.0,25929.98,1.0
2025-11,BR02CLP00005.1.1,BANCO ABC BRASIL S.A.,FCamara,180500.544,-180875.3881011952,1160.0,-374.8441011951945,-0.0020766923627398848
2025-11,BR02CLP00006.1.1,BANCO C6 S.A.,FCamara,889493.91182,-559415.0071377696,4482.17,330078.90468223044,0.3710861876579386
2025-11,BR02CLP00007.1.1,BANCO DIGIO S.A.,FCamara,114144.1102,-23951.559280160644,510.26,90192.55091983936,0.7901638618217496
2025-11,BR02CLP000114.1.1,ANGLO AMERICAN INVESTIMENTOS - MINE,FCamara,13345.27677,-18535.0,0.0,-5189.72323,-0.3888808991707408
2025-11,BR02CLP000116.1.1,SPAD COMERCIO DE COSMETICOS LTDA,FCamara,19351.626,0.0,0.0,19351.626,1.0
2025-11,BR02CLP000117.1.1,FUTEBOLCARD SISTEMAS LTDA,FCamara,20559.0,-32000.0,0.0,-11441.0,-0.5564959385184104
2025-11,BR02CLP000120.1.1,TRES CORACOES ALIMENTOS S.A.,FCamara,60370.135389999996,-30414.4,600.96,29955.735389999994,0.4962012292416029
2025-11,BR02CLP000122.1.1,TRANSUNION BRASIL SISTEMAS EM INFOR,FCamara,276057.8415,-20323.89701553676,0.0,255733.94448446322,0.9263781209578981
2025-11,BR02CLP000190.1.1,MM SP,FCamara,11017.755,0.0,0.0,11017.755,1.0
2025-11,BR02CLP00021.1.1,UNIMED DO ESTADO DE SAO PAULO - FED,FCamara,354014.766,-256424.97475139462,2757.0,97589.79124860538,0.27566587787077046
2025-11,BR02CLP000210.1.1,TFSPORTS EVENTOS ESPORTIVOS LTDA,FCamara,71787.04711,-19171.0,0.0,52616.04711,0.7329462518408915
2025-11,BR02CLP000211.1.1,ODONTOPREV S.A.,FCamara,101425.9575,-22355.80159692883,0.0,79070.15590307117,0.7795850081382881
2025-11,BR02CLP00022.1.1,DR. CONSULTA CENTRO MEDICO LTDA,FCamara,393966.58476,-257341.0164795275,3736.0,136625.5682804725,0.3467948134832381
2025-11,BR02CLP00035.1.11,KLABIN S.A.,FCamara,165993.66504,-123185.1,0.0,42808.56503999999,0.2578927637370033
2025-11,BR02CLP000432.1.1,ODONTOPREV S.A.,FCamara,105131.25,0.0,0.0,105131.25,1.0
2025-11,BR02CLP00045.1.1,BANCO INTER S.A,FCamara,2166878.0433199997,-38468.12643543873,22512.2,2128409.916884561,0.9822472120412926
2025-11,BR02CLP00053.1.1,VLI MULTIMODAL S.A.,FCamara,76943.7396,-15840.0,336.0,61103.7396,0.7941352983056726
2025-11,BR02CLP00053.1.2,VLI MULTIMODAL S.A.,FCamara,61891.24263,-41645.30475637233,352.29999999999995,20245.93787362767,0.3271212050897494
2025-11,BR02CLP00053.1.7,VLI MULTIMODAL S.A.,FCamara,35352.67439,-22823.34110207873,177.01,12529.333287921268,0.35440977250268135
2025-11,BR02CLP00061.1.1,SADA TRANSPORTES E ARMAZENAGENS LTD,FCamara,205636.725,-84310.0,0.0,121326.725,0.5900051413481712
2025-11,BR02CLP00068.1.1,SADA TRANSPORTES E ARMAZENAGENS LTD,FCamara,53426.2995,-31000.0,0.0,22426.2995,0.41976142292991864
2025-11,BR02CLP00075.1.1,AGIS EQUIPAMENTOS E SERVICOS DE INFORMAT,FCamara,16312.86563,-1744.2927497503201,0.0,14568.57288024968,0.8930725729425186
2025-11,BR02CLP00076.1.1,UNIPRO EDITORA LTDA,FCamara,62488.86557,-38731.73003253546,0.0,23757.135537464543,0.38018189833918187
2025-11,BR02CLP00078.1.1,REAL MOTO ,FCamara,121791.46927,-71651.88358260547,0.0,50139.58568739453,0.41168388876432616
2025-11,BR02CLP00080.1.1,SUPRICORP,FCamara,139726.44,-55500.0,0.0,84226.44,0.6027952905692008
2025-11,BR02CLP00081.1.1,BUNZL ,FCamara,13314.18595,0.0,0.0,13314.18595,1.0
2025-11,BR02CLP00081.1.2,BUNZL ,FCamara,2619.87075,0.0,0.0,2619.87075,1.0
2025-11,BR02CLP00084.1.1,DISTRIBUIDORA DE MOVEIS IPANEMA LTDA,FCamara,28068.1654,-12245.757413910693,0.0,15822.407986089309,0.5637136507001383
2025-11,BR02CLP00085.1.1,PACAEMBU,FCamara,21649.32787,-10826.266221198051,0.0,10823.06164880195,0.49992598910194014
2025-11,BR02CLP000914.1.1,ODONTOPREV S.A.,FCamara,64013.25,-9551.34577908323,0.0,54461.90422091677,0.8507911131041896
2025-11,BR02CLP00099.1.1,MM SP,FCamara,34870.6806,-10000.0,0.0,24870.6806,0.7132261307225533
2025-11,BR02CLP00102.0.2,LOJAS RIACHUELO SA,FCamara,7066.689,0.0,0.0,7066.689,1.0
2025-11,BR02CLP00112.1.1,UNIMED BELO HORIZONTE COOPERATIVA D,FCamara,14427.9324,-28480.0,0.0,-14052.0676,-0.9739488105724698
2025-11,BR02CLP001150.1.1,KLABIN S.A.,FCamara,31945.6956,-21160.0,152.0,10785.6956,0.3376259429455028
2025-11,BR02CLP00121.1.1,ODONTOPREV S.A.,FCamara,101425.9575,0.0,0.0,101425.9575,1.0
2025-11,BR02CLP00126.1.1,ODONTOPREV S.A.,FCamara,128026.5,-17525.19895027624,0.0,110501.30104972376,0.8631127231450032
2025-11,BR02CLP00129.1.1,BANCO TRIANGULO S/A,FCamara,53118.77424,-42407.86209265546,304.0,10710.912147344541,0.20164080027432013
2025-11,BR02CLP00145.1.1,MOINHO PAULISTA SA,FCamara,41118.0,0.0,0.0,41118.0,1.0
2025-11,BR02CLP00149.1.1,EDITORA E DISTRIBUIDORA EDUCACIONAL,FCamara,67168.74811,0.0,0.0,67168.74811,1.0
2025-11,BR02CLP00162.1.1,MOINHO PAULISTA SA,FCamara,41118.0,-8556.383673711694,0.0,32561.616326288306,0.7919066181791018
2025-11,BR02CLP00163.1.1,KARINA ALVES DE BRITO,FCamara,86908.5,-40000.0,0.0,46908.5,0.5397458246316529
2025-11,BR04CLP00001.1.1,A. ANGELONI & CIA. LTDA,Nação Digital,50622.7995,0.0,0.0,50622.7995,1.0
2025-11,BR04CLP00002.1.1,FALAI SOLUCOES DIGITAIS LTDA,Nação Digital,4760.343,0.0,0.0,4760.343,1.0
2025-11,BR04CLP00002.1.3,FALAI SOLUCOES DIGITAIS LTDA,Nação Digital,9257.157,0.0,0.0,9257.157,1.0
2025-11,BR04CLP00004.1.3,Aço Cearense,Nação Digital,11440.13965,0.0,0.0,11440.13965,1.0
2025-11,BR04CLP00004.1.4,Aço Cearense,Nação Digital,12226.0635,0.0,0.0,12226.0635,1.0
2025-11,BR04CLP00007.1.1,ATELIER SUNTIME SWIM LTDA,Nação Digital,1869.0,0.0,0.0,1869.0,1.0
2025-11,BR04CLP00008.1.1,ATELIER SUNTIME SWIM LTDA,Nação Digital,2149.35,0.0,0.0,2149.35,1.0
2025-11,BR04CLP00011.1.1,"BELLIZ INDUSTRIA, COMERCIO, IMPORTA",Nação Digital,14017.5,0.0,0.0,14017.5,1.0
2025-11,BR04CLP00012.1.1,CLUB ATHLETICO PARANAENSE,Nação Digital,3270.75,0.0,0.0,3270.75,1.0
2025-11,BR04CLP00013.1.1,CLUB ATHLETICO PARANAENSE,Nação Digital,1869.0,0.0,0.0,1869.0,1.0
2025-11,BR04CLP00014.1.1,CONDOR S.A,Nação Digital,9345.0,0.0,0.0,9345.0,1.0
2025-11,BR04CLP00015.1.,AMO MUITO DE CHELLES COMERCIO DE AR,Nação Digital,4672.5,0.0,0.0,4672.5,1.0
2025-11,BR04CLP00016.1.1,DENTAL ADELAR LTDA,Nação Digital,6541.5,0.0,0.0,6541.5,1.0
2025-11,BR04CLP00017.0.1,DENTAL SORRIA LTDA,Nação Digital,2431.569,0.0,0.0,2431.569,1.0
2025-11,BR04CLP00017.1.4,DENTAL SORRIA LTDA,Nação Digital,4109.931,0.0,0.0,4109.931,1.0
2025-11,BR04CLP00019.1.1,A. ANGELONI & CIA. LTDA,Nação Digital,8007.7305,0.0,0.0,8007.7305,1.0
2025-11,BR04CLP00022.1.1,DROPS CONFECCOES LTDA,Nação Digital,1401.75,0.0,0.0,1401.75,1.0
2025-11,BR04CLP00024.1.1,ELFA MEDICAMENTOS S.A,Nação Digital,4205.25,0.0,0.0,4205.25,1.0
2025-11,BR04CLP00025.1.1,DISTRIBUIDORA DE MOVEIS IPANEMA LTD,Nação Digital,3738.0,0.0,0.0,3738.0,1.0
2025-11,BR04CLP00027.1.1,EMPREENDIMENTOS PAGUE MENOS S/A,Nação Digital,9345.0,0.0,0.0,9345.0,1.0
2025-11,BR04CLP00030.0.1,DESCARPACK DESCARTAVEIS DO BRASIL,Nação Digital,18690.0,0.0,0.0,18690.0,1.0
2025-11,BR04CLP00031.1.1,SURYA DENTAL COMERCIO DE PRODUTOS,Nação Digital,3270.75,0.0,0.0,3270.75,1.0
2025-11,BR04CLP00032.1.1,"RIO GEMAS FRANQUEADORA, MARKETING E",Nação Digital,7849.8,0.0,0.0,7849.8,1.0
2025-11,BR04CLP00033.0.1,HYDRONORTH S/A,Nação Digital,8301.1635,0.0,0.0,8301.1635,1.0
2025-11,BR04CLP00033.0.4,HYDRONORTH S/A,Nação Digital,5716.3365,0.0,0.0,5716.3365,1.0
2025-11,BR04CLP00034.0.1,Jadlog Entregas,Nação Digital,12083.30928,0.0,0.0,12083.30928,1.0
2025-11,BR04CLP00034.0.4,Jadlog Entregas,Nação Digital,7090.986,0.0,0.0,7090.986,1.0
2025-11,BR04CLP00035.1.1,"JCA HOLDING TRANSPORTES, LOGISTICA",Nação Digital,33440.09193,0.0,0.0,33440.09193,1.0
2025-11,BR04CLP00038.1.1,MARCAS COM SAL ESTRATEGIA CRIATIVA,Nação Digital,7528.64973,0.0,0.0,7528.64973,1.0
2025-11,BR04CLP00039.1.1,COMPANHIA MELHORAMENTOS DE SAO PAUL,Nação Digital,17254.7949,0.0,0.0,17254.7949,1.0
2025-11,BR04CLP00040.1.1,MISCI BRASIL COMERCIO DE MODA LTDA,Nação Digital,5607.0,0.0,0.0,5607.0,1.0
2025-11,BR04CLP00041.1.1,MIT EMPREENDIMENTOS E PARTICIPACOES,Nação Digital,4993.64092,0.0,0.0,4993.64092,1.0
2025-11,BR04CLP00044.1.1,NEWLUXE GROUP BRASIL COMERCIO E IMP,Nação Digital,41097.6279,0.0,0.0,41097.6279,1.0
2025-11,BR04CLP00046.1.1,GOUVEA EXPERIENCE LTDA,Nação Digital,8410.5,0.0,0.0,8410.5,1.0
2025-11,BR04CLP00047.1.1,SUPERMERCADOS FEIRA NOVA LTDA,Nação Digital,15325.8,0.0,0.0,15325.8,1.0
2025-11,BR04CLP00048.1.1,TECNOSPEED S/A,Nação Digital,8410.5,0.0,0.0,8410.5,1.0
2025-11,BR04CLP00049.1.1,ACCO BRANDS BRASIL LTDA.,Nação Digital,6731.17547,0.0,0.0,6731.17547,1.0
2025-11,BR04CLP00049.1.6,ACCO BRANDS BRASIL LTDA.,Nação Digital,10930.87454,0.0,0.0,10930.87454,1.0
2025-11,BR04CLP00050,Tramontina - Variável,Nação Digital,9298.275,0.0,0.0,9298.275,1.0
2025-11,BR04CLP00051.1.1,TRES CORACOES ALIMENTOS S.A.,Nação Digital,13929.657,0.0,0.0,13929.657,1.0
2025-11,BR04CLP00053.1.1,BANCO OURINVEST S/A,Nação Digital,57694.161,0.0,0.0,57694.161,1.0
2025-11,BR04CLP00054.1.1,BCMED PRODUTOS E EQUIPAMENTOS PARA,Nação Digital,16920.057,0.0,0.0,16920.057,1.0
2025-11,BR04CLP00057.1.1,FABI LOGON COMERCIAL LTDA,Nação Digital,14017.5,0.0,0.0,14017.5,1.0
2025-11,BR04CLP00060.1.1,L. R. NORDESTE S/A,Nação Digital,4672.5,0.0,0.0,4672.5,1.0
2025-11,BR04CLP00061.1.5,Jadlog Entregas,Nação Digital,23555.2967,0.0,0.0,23555.2967,1.0
2025-11,BR04CLP00061.1.6,Jadlog Entregas,Nação Digital,13144.2004,0.0,0.0,13144.2004,1.0
2025-11,BR04CLP00061.1.7,Jadlog Entregas,Nação Digital,1467.97801,0.0,0.0,1467.97801,1.0
2025-11,BR04CLP00064.1.1,BBS COMERCIO ATACADISTA DE ARTIGOS,Nação Digital,4672.5,0.0,0.0,4672.5,1.0
2025-11,BR04CLP00066.1.1,HSP MODAS E SERVICOS LTDA,Nação Digital,2803.5,0.0,0.0,2803.5,1.0
2025-11,BR04CLP00067.1.1,I DON FRANCESCO LATICINIOS LTDA.,Nação Digital,11587.8,0.0,0.0,11587.8,1.0
2025-11,BR04CLP00069.1.1,MILBRASIL COMERCIO DE ALIMENTOS LTD,Nação Digital,11214.0,0.0,0.0,11214.0,1.0
2025-11,BR04CLP00070.1.1,BUNZL EQUIPAMENTOS PARA PROTECAO IN,Nação Digital,23549.4,0.0,0.0,23549.4,1.0
2025-11,BR04CLP00072.1.1,IB COMERCIO E INDUSTRIA LTDA,Nação Digital,3114.99689,0.0,0.0,3114.99689,1.0
2025-11,BR04CLP00073.1.1,KARIDEI CONFECCAO LTDA,Nação Digital,2102.625,0.0,0.0,2102.625,1.0
2025-11,BR04CLP00076.1.1,FC NEXTGEN CONSULTING LTDA,Nação Digital,11738.24516,0.0,0.0,11738.24516,1.0
2025-11,BR04CLP00079.1.2,GEISTLICH PHARMA DO BRASIL COMERCIO,Nação Digital,55.1355,0.0,0.0,55.1355,1.0
2025-11,BR04CLP00081,BCMED - REPASSE MIDIAS,Nação Digital,1312.63608,0.0,0.0,1312.63608,1.0
2025-11,BR04CLP00085.1.1,"BELLIZ INDUSTRIA, COMERCIO, IMPORTA",Nação Digital,15419.25,0.0,0.0,15419.25,1.0
2025-11,BR04CLP00091.1.1,EMPREENDIMENTOS PAGUE MENOS S/A,Nação Digital,27773.34,0.0,0.0,27773.34,1.0
2025-11,BR04CLP00092.1.2,FCAMARA CONSULTORIA E FORMACAO EM,Nação Digital,6324.52779,0.0,0.0,6324.52779,1.0
2025-11,BR04CLP00093.1.1,EUROFARMA LABORATORIOS S.A.,Nação Digital,13041.882,0.0,0.0,13041.882,1.0
2025-11,BR04CLP00095.1.2,RD GESTAO E SISTEMAS S.A.,Nação Digital,2121.89439,0.0,0.0,2121.89439,1.0
2025-11,BR04CLP00096.1.1,TECNOSPEED S/A,Nação Digital,6665.7885,0.0,0.0,6665.7885,1.0
2025-11,BR04CLP00100.1.1,FCAMARA CONSULTORIA E FORMACAO EM,Nação Digital,16989.21,0.0,0.0,16989.21,1.0
2025-11,BR04CLP00106.1.1,MELHORAMENTOS FLORESTAL LTDA.,Nação Digital,3738.0,0.0,0.0,3738.0,1.0
2025-11,BR04CLP00107.1.1,FCAMARA CONSULTORIA E FORMACAO EM,Nação Digital,37146.65535,0.0,0.0,37146.65535,1.0
2025-11,BR04CLP00108.1.1,IMPULSO SOLUCOES DE MIDIA LTDA,Nação Digital,37380.0,0.0,0.0,37380.0,1.0
2025-11,BR04CLP00109.1.1,EDITORA MELHORAMENTOS LTDA.,Nação Digital,9776.739,0.0,0.0,9776.739,1.0
2025-11,BR04CLP00110,Faber Castel - CRM Pontual,Nação Digital,7476.0,0.0,0.0,7476.0,1.0
2025-11,BR04CLP00111.1.1,CDF ASSISTENCIA E SUPORTE DIGITAL S,Nação Digital,68125.05,0.0,0.0,68125.05,1.0
2025-11,BR04CLP00112.1.1,CLUB ATHLETICO PARANAENSE,Nação Digital,1826.9475,0.0,0.0,1826.9475,1.0
2025-11,BR04CLP00114.1.1,A. ANGELONI & CIA. LTDA,Nação Digital,15684.18075,0.0,0.0,15684.18075,1.0
2025-11,BR04CLP00117,Teka,Nação Digital,24297.0,0.0,0.0,24297.0,1.0
2025-11,BR04CLP00118,FCAMARA CONSULTORIA E FORMACAO EM,Nação Digital,3863.223,-5308.692118666666,26.0,-1445.469118666666,-0.374161449822251
2025-11,BR04CLP00119,FCAMARA CONSULTORIA E FORMACAO EM,Nação Digital,4037.04,-15000.0,18.0,-10962.96,-2.7155936032340526
2025-11,BR04CLP00120.1.1,Odontoprev - Validação Protótipos #1,Nação Digital,11966.2725,0.0,0.0,11966.2725,1.0
2025-11,BR04CLP00121,Suntime - CRM Pontual,Nação Digital,2095.35459,0.0,0.0,2095.35459,1.0
2025-11,BR05CLP00001,ARCELORMITTAL SISTEMAS S.A,SGA,84030.53904,-55869.21454545456,504.0,28161.324494545443,0.3351320224322274
2025-11,BR07CLP00001.0.1,BANCO VOTORANTIM S.A.,Hyper,540985.45158,-9069.846024727274,138.7826086956522,531915.6055552727,0.9832345842235906
2025-11,BR07CLP00004.0.1,TLS LOGISTICA DISTRIBUICAO E TRANSP,Hyper,27102.50918,-11997.113058181816,248.0102005805654,15105.396121818185,0.5573430866307038
2025-11,BR07CLP00009.0.2,DURATEX S.A.,Hyper,34764.1476,-24976.35396072728,168.0,9787.793639272717,0.2815485008259693
2025-11,BR07CLP00010.0.1,DURATEX S.A.,Hyper,35962.78402,-21690.50128273202,153.35,14272.282737267979,0.39686256573825673
2025-11,BR07CLP00011.0.2,DURATEX S.A.,Hyper,34764.1476,-24976.35396072728,168.0,9787.793639272717,0.2815485008259693
2025-11,BR07CLP00018.0.1,TOKIO MARINE SEGURADORA S.A.,Hyper,21942.81695,-15357.373868363637,168.0,6585.443081636364,0.3001183985010805
2025-11,BR07CLP00020.0.1,LINKCALL SERVICOS DE CALL CENTER S.,Hyper,18236.08532,-4690.206613754939,136.6545518207283,13545.87870624506,0.7428062804350304
2025-11,BR07CLP00021.0.1,IRANI PAPEL E EMBALAGEM S.A.,Hyper,40293.5841,-30053.614141533595,369.81149515741146,10239.969958466405,0.25413400637314876
2025-11,BR07CLP00024.0.1,BANCO OURINVEST S/A,Hyper,27769.003920000003,-40309.28100727273,175.67000000000002,-12540.277087272727,-0.451592614679307
2025-11,BR07CLP00058.0.2,GRUPO CASAS BAHIA S.A.,Hyper,53951.45113,-35078.55556945454,310.8100134589502,18872.89556054546,0.3498125660247734
2025-11,BR07CLP00087.0.1,ODONTOPREV S.A.,Hyper,101957.688,-62036.33339250592,802.0,39921.354607494075,0.39154825291344464
2025-11,BR07CLP00090.0.1,FCAMARA CONSULTORIA E FORMACAO EM I,Hyper,12199.27138,-54048.73917683521,71.0,-41849.46779683521,-3.4304891245755047
2025-11,BR07CLP00111.0.1,BANCO VOTORANTIM S.A.,Hyper,300573.53319,-12610.143636363637,102.4215991127381,287963.38955363637,0.9580463938307155
2025-11,BR07CLP00132.0.1,RED HAT BRASIL LTDA,Hyper,36109.08,-18595.202044363632,184.0,17513.87795563637,0.48502697813503887
2025-11,BR07CLP00139.0.1,FCAMARA CONSULTORIA E FORMACAO EM I,Hyper,9664.88869,-8012.266363636363,163.3856240126382,1652.6223263636366,0.1709923807062114
2025-11,BR07CLP00143.0.1,RED HAT BRASIL LTDA,Hyper,26801.57214,0.0,0.0,26801.57214,1.0
2025-11,BR07CLP133.0.1,FCAMARA CONSULTORIA E FORMACAO EM I,Hyper,33465.44492,-11482.68,265.71,21982.76492,0.656879505787249
2025-11,BR08CLP000015.1.1 - Dr. Consulta - DS Junior,DR. CONSULTA CENTRO MEDICO LTDA,Omnik,14952.0,0.0,0.0,14952.0,1.0
2025-11,BR08CLP000025.1.1 - DISTRITO [AI FACOTRY] - Electrolux ,DISTRITO TECNOLOGIA E SERVICOS S.A.,Omnik,135256.57698,0.0,0.0,135256.57698,1.0
2025-11,BR08CLP00014.1.1 - Data Squad,ELECTROLUX DO BRASIL S/A,Omnik,32954.208,0.0,0.0,32954.208,1.0
2025-11,BR08CLP00020.1.1 - ALOCAÇÃO COMPASS,DISTRITO TECNOLOGIA E SERVICOS S.A.,Omnik,110695.6368,0.0,0.0,110695.6368,1.0
2025-11,BR08CLP000789.1.1 - DISTRITO- Electrolux MVP Comercial,DISTRITO TECNOLOGIA E SERVICOS S.A.,Omnik,93863.9835,0.0,0.0,93863.9835,1.0
2025-11,BR09CLP00001.1.1,WayCarbon,NextGen,110355.78264,-19108.294443501472,584.0,91247.48819649854,0.8268482721396115
2025-11,BR09CLP00002.1.1,BANCO BTG PACTUAL S.A.,NextGen,1759984.3158,-418634.19847742247,12336.0,1341350.1173225776,0.7621375402501059
2025-11,BR09CLP00002.1.2,BANCO BTG PACTUAL S.A.,NextGen,70198.008,-18411.02941517095,456.0,51786.97858482905,0.737727181444081
2025-11,BR09CLP00002.1.3,BANCO BTG PACTUAL S.A.,NextGen,22241.39712,-3856.534106116602,328.0,18384.863013883398,0.8266055821354534
2025-11,BR09CLP00005.1.1,BANCO C6 S.A.,FCamara,14143.32108,-1798.3561847526962,152.0,12344.964895247304,0.872847673146886
2025-11,BR09CLP00010.1.2,SOCIEDADE REGIONAL DE ENSINO E SAUD,NextGen,106792.11600000001,-33570.93470936507,752.0,73221.18129063494,0.6856421993795397
2025-11,BR09CLP00156.0.1,TFSPORTS EVENTOS ESPORTIVOS LTDA,NextGen,87203.52216,-10866.866314572073,336.0,76336.65584542791,0.8753850068735334
2025-11,BRO2CLP000715.1.1,ODONTOPREV S.A.,FCamara,105131.25,0.0,0.0,105131.25,1.0
2025-11,CEMIG - MS Security,CEMIG SAUDE,SGA,14732.0,0.0,0.0,14732.0,1.0
2025-11,Cemig Saude - MS Data & AI,CEMIG SAUDE,SGA,14571.23,0.0,0.0,14571.23,1.0
2025-11,Cemig Saude - MS Infra,CEMIG SAUDE,SGA,29578.93,0.0,0.0,29578.93,1.0
2025-11,Ceva - MS Digi&Apps,CEVA VETERINARIA,SGA,2125.03,0.0,0.0,2125.03,1.0
2025-11,Cirion - MS Exchange,HYPER,SGA,3110.0,0.0,0.0,3110.0,1.0
2025-11,Coopercarga - MS Infra,COOPERCARGA,SGA,16332.74,0.0,0.0,16332.74,1.0
2025-11,Coopercarga - MS Infra,Posto Mar das Pedras -  Grupo Coopercarga,SGA,5467.99,0.0,0.0,5467.99,1.0
2025-11,ERO Caraiba - MS Digi&Apps,ERO BRASIL CARAIBA,SGA,3631.844243,0.0,0.0,3631.844243,1.0
2025-11,ERO Caraiba - MS Infra,ERO BRASIL CARAIBA,SGA,20218.614951,0.0,0.0,20218.614951,1.0
2025-11,ESTAPAR - MS Infra,ESTAPAR ESTACIONAMENTOS SC LTDA,SGA,24652.5,0.0,0.0,24652.5,1.0
2025-11,FCamara - Managed Services,FCAMARA,SGA,4795.96,0.0,0.0,4795.96,1.0
2025-11,FCamara - Monitoramento 24x7,FCAMARA,SGA,7721.14,0.0,0.0,7721.14,1.0
2025-11,Frigelar - FinOps ,FRIGELAR COMERCIO E INDUSTRIA LTDA,SGA,1600.0,0.0,0.0,1600.0,1.0
2025-11,GCOM - MS Digi&Apps,GCOM,SGA,2770.04,0.0,0.0,2770.04,1.0
2025-11,GVC - MS INFRA,GVC,SGA,44432.45,0.0,0.0,44432.45,1.0
2025-11,Gaustec - MS Infra,GAUSTEC MAGNETISMO,SGA,3476.65,0.0,0.0,3476.65,1.0
2025-11,Grupo BMG  - MS Infra,GRUPO BMG,SGA,19680.76,0.0,0.0,19680.76,1.0
2025-11,Grupo BMG - MS Intune,Grupo BMG,SGA,4000.0,0.0,0.0,4000.0,1.0
2025-11,Grupo Lagoa - MS Infra,GRUPO LAGOA,SGA,3695.55,0.0,0.0,3695.55,1.0
2025-11,Grupo Trigo - Bodyshop,Grupo Trigo S/A,SGA,28801.0,0.0,0.0,28801.0,1.0
2025-11,Grupo Trigo - MS Digi&Apps,Grupo Trigo S/A,SGA,3500.0,0.0,0.0,3500.0,1.0
2025-11,Grupo Trigo - MS Infra,Grupo Trigo S/A,SGA,15038.06,0.0,0.0,15038.06,1.0
2025-11,JBL - MS Infra,JOAO BOSCO LEOPOLDINO,SGA,3066.695553,0.0,0.0,3066.695553,1.0
2025-11,Jaguar Mining - MS Infra,JAGUAR MINING,SGA,15622.93,0.0,0.0,15622.93,1.0
2025-11,MIP - MS Data & AI,MIP ENGENHARIA,SGA,6640.77,0.0,0.0,6640.77,1.0
2025-11,MIP - MS Infra,MIP ENGENHARIA,SGA,17836.18,0.0,0.0,17836.18,1.0
2025-11,MIP - MS Security,MIP ENGENHARIA,SGA,10603.49,0.0,0.0,10603.49,1.0
2025-11,Managed Security  Serv - RNI,RNI NEGOCIOS IMOBILIARIOS S.A,SGA,3288.6,0.0,0.0,3288.6,1.0
2025-11,Managed Services - Benner,BENNER TECNOLOGIA,SGA,3100.0,0.0,0.0,3100.0,1.0
2025-11,Managed Services - CTC,CTC - CENTRO DE TECNOLOGIA CANAVIEIRA S.A.,SGA,10079.0,0.0,0.0,10079.0,1.0
2025-11,Managed Services - Euvou,Tech House (EUVOU),SGA,5939.7,0.0,0.0,5939.7,1.0
2025-11,Managed Services - Frigelar,FRIGELAR COMERCIO E INDUSTRIA LTDA,SGA,27184.0,0.0,0.0,27184.0,1.0
2025-11,Managed Services - PoloFilms,POLO FILMS INDUSTRIA E COMERCIO S/A,SGA,13720.13,0.0,0.0,13720.13,1.0
2025-11,Managed Services - RNI,RNI NEGOCIOS IMOBILIARIOS S.A,SGA,11729.0,0.0,0.0,11729.0,1.0
2025-11,Managed Services - SIC,SOCIEDADE INTELIGENCIA E CORACAO,SGA,10000.0,0.0,0.0,10000.0,1.0
2025-11,Managed Services - Sysplay,SYSPLAY,SGA,3380.0,0.0,0.0,3380.0,1.0
2025-11,OAB SP - Dba as a Service,SEDE ADMINISTRATIVA - OAB-SP,SGA,11250.0,0.0,0.0,11250.0,1.0
2025-11,PECEGE - Managed Services,PECEGE,SGA,1250.0,0.0,0.0,1250.0,1.0
2025-11,PoloFilms - FinOps,POLO FILMS INDUSTRIA E COMERCIO S/A,SGA,5327.0,0.0,0.0,5327.0,1.0
2025-11,SADA - MS DevSecOps,FCAMARA,SGA,33566.0,0.0,0.0,33566.0,1.0
2025-11,Sicoob - MS Infra,SICOOB CREDICOM,SGA,1046.55,0.0,0.0,1046.55,1.0
2025-11,Tecnol - MS Infra,Tecnol,SGA,4200.0,0.0,0.0,4200.0,1.0
2025-11,Unimed Itajuba - MS Infra,UNIMED ITAJUBA,SGA,11740.89,0.0,0.0,11740.89,1.0
2025-11,Usebens - Managed Services,USEBENS SEGUROS S/A,SGA,4000.0,0.0,0.0,4000.0,1.0
2025-11,Veloce  Log - MS Infra,Veloce Logistica S.A,SGA,5787.0,0.0,0.0,5787.0,1.0
2025-11,Xingu Agri - MS Infra,XINGU AGRI,SGA,5822.0,0.0,0.0,5822.0,1.0
2025-11,Yamaha - MS DevOps,YAMAHA ADMINISTRADORA DE CONSORCIO LTDA,SGA,25000.0,0.0,0.0,25000.0,1.0
2025-11,Zenite - MS Infra,ZENITE SISTEMAS LTDA,SGA,13182.48,0.0,0.0,13182.48,1.0
2025-12,ARG - MS Infra,GRUPO ARG,SGA,6079.8222,0.0,0.0,6079.8222,1.0
2025-12,Aethra - MS Infra,AETHRA SISTEMAS AUTOMOTIVOS SA,SGA,7659.87,0.0,0.0,7659.87,1.0
2025-12,Aguia Branca - MS Digi&Apps,AGUIA BRANCA PARTICIPACOES,SGA,10770.01,0.0,0.0,10770.01,1.0
2025-12,Ambipar - MS Security,AMBIPAR,SGA,20192.0,0.0,0.0,20192.0,1.0
2025-12,Ambipar - SOC,AMBIPAR,SGA,25929.98,0.0,0.0,25929.98,1.0
2025-12,BR04CLP00118,FCAMARA CONSULTORIA E FORMACAO EM,Nação Digital,2968.53,-4826.083744242424,20.0,-1857.5537442424234,-0.625748685121061
2025-12,BR04CLP00119,FCAMARA CONSULTORIA E FORMACAO EM,Nação Digital,4032.72,-15000.0,18.0,-10967.28,-2.7195738856156644
2025-12,BR05CLP00001,ARCELORMITTAL SISTEMAS S.A,SGA,54365.50308,-40417.50242863159,336.0,13948.000651368413,0.2565597642101027
2025-12,BR07CLP00001.0.1,BANCO VOTORANTIM S.A.,Hyper,1088124.14814,-212905.7109672382,3528.3826086956524,875218.4371727618,0.8043369303666577
2025-12,BR07CLP00004.0.1,TLS LOGISTICA DISTRIBUICAO E TRANSP,Hyper,36534.89685,-11451.78973735537,347.719585514419,25083.107112644626,0.6865520167095976
2025-12,BR07CLP00009.0.2,DURATEX S.A.,Hyper,66536.09937,-15894.043429553723,334.4230919765166,50642.05594044627,0.7611215027624525
2025-12,BR07CLP00010.0.1,DURATEX S.A.,Hyper,60990.12609,-21411.224442181818,304.0,39578.90164781818,0.6489394953769013
2025-12,BR07CLP00011.0.2,DURATEX S.A.,Hyper,65699.47008,-24976.35396072728,330.2180340207738,40723.116119272716,0.6198393391862305
2025-12,BR07CLP00018.0.1,TOKIO MARINE SEGURADORA S.A.,Hyper,37433.97189,-15357.373868363637,298.0876860721584,22076.598021636364,0.5897476785661059
2025-12,BR07CLP00019.0.1,LINKCALL SERVICOS DE CALL CENTER S.,Hyper,54616.09521,-21378.785946909094,311.8023082841754,33237.30926309091,0.6085625333574797
2025-12,BR07CLP00020.0.1,LINKCALL SERVICOS DE CALL CENTER S.,Hyper,47292.74517,-13484.344014545452,368.5939775910364,33808.40115545455,0.7148749989861193
2025-12,BR07CLP00021.0.1,IRANI PAPEL E EMBALAGEM S.A.,Hyper,112667.88,-29489.882259669423,1039.9922637429631,83177.99774033058,0.7382583016590938
2025-12,BR07CLP00026.0.1,ALGAR TELECOM S/A,Hyper,1994.7778199999998,-42230.54782710744,26.0,-40235.770007107436,-20.17055213051619
2025-12,BR07CLP00058.0.2,GRUPO CASAS BAHIA S.A.,Hyper,104694.08,-35128.382850942144,627.2999039074396,69565.69714905786,0.6644663876797796
2025-12,BR07CLP00087.0.1,ODONTOPREV S.A.,Hyper,163318.9,-49983.669139272715,1318.2622408140323,113335.23086072729,0.6939504910988703
2025-12,BR07CLP00111.0.1,BANCO VOTORANTIM S.A.,Hyper,849836.3774400001,-226230.968352,4324.788301886792,623605.4090880001,0.7337946758251446
2025-12,BR07CLP00139.0.1,FCAMARA CONSULTORIA E FORMACAO EM I,Hyper,19110.016799999998,-10009.630464516127,336.0,9100.38633548387,0.4762102739482611
2025-12,BR07CLP00143.0.1,RED HAT BRASIL LTDA,Hyper,57360.24,-15845.054679438012,336.0,41515.185320561985,0.7237624061643045
2025-12,BR07CLP133.0.1,FCAMARA CONSULTORIA E FORMACAO EM I,Hyper,48228.1483598,-30849.731780119255,451.06,17378.416579680743,0.3603376279352727
2025-12,BR08CLP000015.1.1 - Dr. Consulta - DS Junior,DR. CONSULTA CENTRO MEDICO LTDA,Omnik,14952.0,0.0,0.0,14952.0,1.0
2025-12,BR08CLP00002.1.1 - SQUAD DADOS BAUDUCCO	,AMBIPAR,Omnik,25642.68,0.0,0.0,25642.68,1.0
2025-12,BR08CLP000025.1.1 - DISTRITO [AI FACOTRY] - Electrolux ,DISTRITO TECNOLOGIA E SERVICOS S.A.,Omnik,135256.57698,0.0,0.0,135256.57698,1.0
2025-12,BR08CLP00003.1.1 - Allos - Alocação AE Sr,ALLOS S.A.,Omnik,31399.2,0.0,0.0,31399.2,1.0
2025-12,BR08CLP00014.1.1 - Data Squad,ELECTROLUX DO BRASIL S/A,Omnik,17344.32,0.0,0.0,17344.32,1.0
2025-12,BR08CLP00015.1.1 - Nidec - Managed Squad,NIDEC GLOBAL APPLIANCE BRASIL LTDA.,Omnik,59242.96392,0.0,0.0,59242.96392,1.0
2025-12,BR08CLP00020.1.1 - ALOCAÇÃO COMPASS,DISTRITO TECNOLOGIA E SERVICOS S.A.,Omnik,110695.6368,0.0,0.0,110695.6368,1.0
2025-12,BR08CLP000789.1.1 - DISTRITO- Electrolux MVP Comercial,DISTRITO TECNOLOGIA E SERVICOS S.A.,Omnik,93863.9835,0.0,0.0,93863.9835,1.0
2025-12,BR08CLP00196.1.1 - Axia Agro,AXIA,Omnik,69853.875,0.0,0.0,69853.875,1.0
2025-12,BR09CLP00001.1.1,WayCarbon,NextGen,116544.14747999999,-67683.81638613142,616.0,48860.33109386856,0.41924311216274013
2025-12,BR09CLP00002.1.1,BANCO BTG PACTUAL S.A.,NextGen,2002525.26204,-1373164.1923616696,13996.0,629361.0696783303,0.3142837104772359
2025-12,BR09CLP00002.1.2,BANCO BTG PACTUAL S.A.,NextGen,70212.384,-53403.20903670299,472.0,16809.174963297017,0.23940470335399827
2025-12,BR09CLP00002.1.3,BANCO BTG PACTUAL S.A.,NextGen,19875.97008,-15719.897319339918,264.0,4156.072760660081,0.20910037316075902
2025-12,BR09CLP00005.1.1,BANCO C6 S.A.,NextGen,0.0,0.0,0.0,0.0,
2025-12,BR09CLP00006.1.1,SADA TRANSPORTES E ARMAZENAGENS LTD,NextGen,0.0,0.0,0.0,0.0,
2025-12,BR09CLP00008.1.1,TRANSUNION BRASIL SISTEMAS EM INFOR,NextGen,0.0,0.0,0.0,0.0,
2025-12,BR09CLP00010.1.2,SOCIEDADE REGIONAL DE ENSINO E SAUD,NextGen,125876.256,-54889.78070667872,880.0,70986.47529332127,0.5639385659303473
2025-12,BR09CLP00156.0.1,TFSPORTS EVENTOS ESPORTIVOS LTDA,NextGen,87203.52215999996,-56112.08809017628,336.0,31091.434069823685,0.35653874178129524
2025-12,CEMIG - MS Security,CEMIG SAUDE,SGA,14732.0,0.0,0.0,14732.0,1.0
2025-12,Cemig Saude - MS Data & AI,CEMIG SAUDE,SGA,14571.23,0.0,0.0,14571.23,1.0
2025-12,Cemig Saude - MS Infra,CEMIG SAUDE,SGA,29578.93,0.0,0.0,29578.93,1.0
2025-12,Ceva - MS Digi&Apps,CEVA VETERINARIA,SGA,2125.03,0.0,0.0,2125.03,1.0
2025-12,Cirion - MS Exchange,HYPER,SGA,3110.0,0.0,0.0,3110.0,1.0
2025-12,Coopercarga - MS Infra,COOPERCARGA,SGA,16332.74,0.0,0.0,16332.74,1.0
2025-12,Coopercarga - MS Infra,Posto Mar das Pedras -  Grupo Coopercarga,SGA,5467.99,0.0,0.0,5467.99,1.0
2025-12,ERO Caraiba - MS Digi&Apps,ERO BRASIL CARAIBA,SGA,3631.844243,0.0,0.0,3631.844243,1.0
2025-12,ERO Caraiba - MS Infra,ERO BRASIL CARAIBA,SGA,20218.614951,0.0,0.0,20218.614951,1.0
2025-12,ESTAPAR - MS Infra,ESTAPAR ESTACIONAMENTOS SC LTDA,SGA,24652.5,0.0,0.0,24652.5,1.0
2025-12,FCamara - Managed Services,FCAMARA,SGA,4795.96,0.0,0.0,4795.96,1.0
2025-12,FCamara - Monitoramento 24x7,FCAMARA,SGA,7721.14,0.0,0.0,7721.14,1.0
2025-12,Frigelar - FinOps ,FRIGELAR COMERCIO E INDUSTRIA LTDA,SGA,1600.0,0.0,0.0,1600.0,1.0
2025-12,GCOM - MS Digi&Apps,GCOM,SGA,2770.04,0.0,0.0,2770.04,1.0
2025-12,GVC - MS INFRA,GVC,SGA,44432.45,0.0,0.0,44432.45,1.0
2025-12,Gaustec - MS Infra,GAUSTEC MAGNETISMO,SGA,3476.65,0.0,0.0,3476.65,1.0
2025-12,Grupo BMG  - MS Infra,GRUPO BMG,SGA,19680.76,0.0,0.0,19680.76,1.0
2025-12,Grupo BMG - MS Intune,Grupo BMG,SGA,4000.0,0.0,0.0,4000.0,1.0
2025-12,Grupo Lagoa - MS Infra,GRUPO LAGOA,SGA,3695.55,0.0,0.0,3695.55,1.0
2025-12,Grupo Trigo - Bodyshop,Grupo Trigo S/A,SGA,28801.0,0.0,0.0,28801.0,1.0
2025-12,Grupo Trigo - MS Digi&Apps,Grupo Trigo S/A,SGA,3500.0,0.0,0.0,3500.0,1.0
2025-12,Grupo Trigo - MS Infra,Grupo Trigo S/A,SGA,15038.06,0.0,0.0,15038.06,1.0
2025-12,JBL - MS Infra,JOAO BOSCO LEOPOLDINO,SGA,3066.695553,0.0,0.0,3066.695553,1.0
2025-12,Jaguar Mining - MS Infra,JAGUAR MINING,SGA,15622.93,0.0,0.0,15622.93,1.0
2025-12,MIP - MS Data & AI,MIP ENGENHARIA,SGA,6640.77,0.0,0.0,6640.77,1.0
2025-12,MIP - MS Infra,MIP ENGENHARIA,SGA,17836.18,0.0,0.0,17836.18,1.0
2025-12,MIP - MS Security,MIP ENGENHARIA,SGA,10603.49,0.0,0.0,10603.49,1.0
2025-12,Managed Security  Serv - RNI,RNI NEGOCIOS IMOBILIARIOS S.A,SGA,3288.6,0.0,0.0,3288.6,1.0
2025-12,Managed Services - Benner,BENNER TECNOLOGIA,SGA,3100.0,0.0,0.0,3100.0,1.0
2025-12,Managed Services - CTC,CTC - CENTRO DE TECNOLOGIA CANAVIEIRA S.A.,SGA,10079.0,0.0,0.0,10079.0,1.0
2025-12,Managed Services - Euvou,Tech House (EUVOU),SGA,5939.7,0.0,0.0,5939.7,1.0
2025-12,Managed Services - Frigelar,FRIGELAR COMERCIO E INDUSTRIA LTDA,SGA,27184.0,0.0,0.0,27184.0,1.0
2025-12,Managed Services - PoloFilms,POLO FILMS INDUSTRIA E COMERCIO S/A,SGA,13720.13,0.0,0.0,13720.13,1.0
2025-12,Managed Services - RNI,RNI NEGOCIOS IMOBILIARIOS S.A,SGA,11729.0,0.0,0.0,11729.0,1.0
2025-12,Managed Services - SIC,SOCIEDADE INTELIGENCIA E CORACAO,SGA,10000.0,0.0,0.0,10000.0,1.0
2025-12,Managed Services - Sysplay,SYSPLAY,SGA,3380.0,0.0,0.0,3380.0,1.0
2025-12,OAB SP - Dba as a Service,SEDE ADMINISTRATIVA - OAB-SP,SGA,11250.0,0.0,0.0,11250.0,1.0
2025-12,PECEGE - Managed Services,PECEGE,SGA,1250.0,0.0,0.0,1250.0,1.0
2025-12,PoloFilms - FinOps,POLO FILMS INDUSTRIA E COMERCIO S/A,SGA,5327.0,0.0,0.0,5327.0,1.0
2025-12,SADA - MS DevSecOps,FCAMARA,SGA,33566.0,0.0,0.0,33566.0,1.0
2025-12,Sicoob - MS Infra,SICOOB CREDICOM,SGA,1046.55,0.0,0.0,1046.55,1.0
2025-12,Tecnol - MS Infra,Tecnol,SGA,4200.0,0.0,0.0,4200.0,1.0
2025-12,Unimed Itajuba - MS Infra,UNIMED ITAJUBA,SGA,11740.89,0.0,0.0,11740.89,1.0
2025-12,Usebens - Managed Services,USEBENS SEGUROS S/A,SGA,4000.0,0.0,0.0,4000.0,1.0
2025-12,Veloce  Log - MS Infra,Veloce Logistica S.A,SGA,5787.0,0.0,0.0,5787.0,1.0
2025-12,Xingu Agri - MS Infra,XINGU AGRI,SGA,5822.0,0.0,0.0,5822.0,1.0
2025-12,Yamaha - MS DevOps,YAMAHA ADMINISTRADORA DE CONSORCIO LTDA,SGA,25000.0,0.0,0.0,25000.0,1.0
2025-12,Zenite - MS Infra,ZENITE SISTEMAS LTDA,SGA,13182.48,0.0,0.0,13182.48,1.0
